Name,Gender,Income
cherey havesides,Male,5108
northrop carloni,Male,4239
flora etchells,Female,5819
odessa armstrong,Female,6334
francisco bathow,Male,6919
mattias catonnet,Male,5928
rudyard macias,Male,2963
stephan ulyat,Male,4977
iorgo videan,Male,6812
nickolas pfaffel,Female,5094
sutherland gravells,Male,6244
calhoun dyke,Female,2829
georges camoletto,Female,5399
lenette fitzgerald,Male,5077
konrad houndson,Male,5912
josselyn mcglashan,Female,6855
emlen trammel,Female,4179
cordelia sloan,Male,5154
lotte alfwy,Male,4418
archy emmison,Male,4820
kakalina cohani,Male,6277
binky colclough,Female,2930
muffin balch,Female,5092
nancy bleackly,Male,6294
rosy jeffress,Female,7247
cletus ruberry,Female,3926
vallie blazej,Male,5337
harlin lyness,Male,4760
aymer calbrathe,Female,5878
burt orry,Male,6245
melesa rubel,Male,4702
netty callcott,Male,6505
michele creaven,Female,6197
farleigh fountaine,Female,4212
gregorio philippsohn,Female,5180
alexina dendon,Female,5622
colan songist,Female,6501
corry pettengell,Male,6020
cecilius lomasney,Female,5068
derwin robertet,Female,5456
rory bonwell,Female,6584
ranna seneschal,Female,6879
lorant bircher,Male,5517
amargo zelland,Male,5830
gypsy holme,Female,6207
shay todd,Male,4938
corbet mocker,Female,3362
justen jacketts,Male,6110
ali gingel,Male,7545
hadleigh potteridge,Male,6622
fulton rabjohns,Female,3586
rustie portchmouth,Female,4865
natalie hursey,Male,6962
howard dragge,Male,7563
doralynn rustedge,Male,5964
barnabe grasha,Female,7636
hank hanlin,Male,5910
jermaine ellen,Male,4666
issy baynham,Female,4071
lev ricci,Male,5926
maximilien hillam,Female,5508
sylvester olivo,Female,5972
deva abbott,Male,4405
ludvig spellesy,Male,2662
else simecek,Male,4847
winny alphonso,Female,7093
gabriella plaice,Female,5117
mavis macdonald,Female,5869
rogerio lambdin,Female,4254
hannah burnitt,Female,4249
coral petit,Female,5083
cathlene sinderland,Male,2819
lois cansdall,Male,5934
ly oneil,Male,4942
melloney cantos,Female,2015
stesha agate,Female,5841
sheffie berford,Male,3254
sky macqueen,Female,7272
norris dreher,Female,4152
maud harrema,Male,5192
ulick eshmade,Male,6395
kelwin poff,Female,3780
harwell dun,Female,3259
libby birmingham,Male,5572
camilla fitzharris,Male,6617
fred gellion,Male,5494
gustaf izod,Female,6440
callean pennyman,Male,5332
karna speares,Female,2688
conny frandsen,Female,6157
conny dicker,Female,7169
nonie edgeson,Female,3466
gardiner edgeler,Female,3196
francois clipsham,Male,3000
ilaire caselli,Male,6254
eileen mackill,Female,5201
elvin boulde,Male,5383
brittan aburrow,Male,3412
bent barclay,Male,6573
kandy bilfoot,Female,2899
